x,y,RSSI
-0.02152406722307205,-0.025142455846071242,-50
-0.038274111598730086,-0.042833280935883525,
-0.05009024925529957,-0.05146523686125874,
-0.05798169793561101,-0.06061106016859412,
-0.07087942278012634,-0.066946183424443,
-0.04890249883756041,-0.04071960998699069,
-0.02734550831373781,-0.023678874759934843,-46
-0.011985146044753491,-0.00934763706754893,-46
0.002914792229421437,0.00600546037312597,-46
0.020880295685492455,0.01735980368684977,-62
0.024792054737918078,0.019986328622326254,-48
0.02013179617933929,0.0215099171269685,-60
0.01472821799106896,0.013829885493032634,-48
0.0025054317666217685,-3.041678573936224e-05,-60
-0.0117704396834597,-0.015970433386974035,-60
-0.03552231553476304,-0.03996087196283042,-46
-0.06219374022912234,-0.06760033366736025,-62
-0.09312314128037542,-0.1008688423782587,-46
-0.12454037964344025,-0.13030567914247512,-60
-0.14908987060189247,-0.15321483388543128,-46
-0.1654578812420368,-0.17168150879442692,-46
-0.17422391660511494,-0.17398269064724445,-44
-0.16408458091318606,-0.16338502652943135,-54
-0.15111729688942432,-0.15181685127317907,-60
-0.14300482012331486,-0.15183368660509586,-50
-0.14183684326708318,-0.1487841498106718,-54
-0.14194680117070674,-0.14947304874658585,-50
-0.14695532321929933,-0.15083905979990958,-54
-0.14444601610302926,-0.14234735071659088,-44
-0.1344486102461815,-0.12192898727953434,-56
-0.11096948422491551,-0.09403542624786496,-44
-0.08211326496675611,-0.0685961551964283,-56
-0.0571182981133461,-0.045047289691865444,-44
-0.03724728301167488,-0.03124075848609209,-56
-0.02418125867843628,-0.020032173302024604,-58
-0.014132801163941621,-0.012851953855715692,-54
-0.007693088916130364,-0.00839718736242503,-58
-0.0048180703772231935,-0.004186809691600501,-44
-0.0006702292012050748,0.0013664084253832698,-58
0.005647402699105441,0.006836616317741573,-58
0.010587842273525893,0.004337741667404771,-50
0.007910037226974965,0.006507010338827968,-44
0.010975038586184382,0.008259521750733256,-44
0.011993188969790935,0.010584992018993943,-52
0.011069883813615889,0.009928915374621284,-44
0.009128843717917334,0.014049851898744237,-44
0.012958845314278733,0.011222018957778346,-44
0.008094466761394869,0.005778698161884676,-42
9.464290633331984e-06,-0.0034895645760116166,-44
-0.012920643792313058,-0.011973909381777049,-44
-0.023835830856114626,-0.02172980224713683,-44
-0.03707122942432761,-0.03492431903723627,-44
-0.05514772126916796,-0.06267396921757609,-44
-0.0773360061692074,-0.08980738513637335,-60
-0.10733271681237966,-0.12176397929433733,-44
-0.13203234265092761,-0.14224356163758783,-44
-0.1462422986747697,-0.14537075208500028,-42
-0.14527201848104596,-0.13089354084804655,-44
-0.13580557154491543,-0.11522210473194719,-44
-0.11578982705250382,-0.09776523457840085,-44
-0.10837916629388929,-0.09158826814964413,-58
-0.10343637811020016,-0.09736656323075295,-44
-0.09608301892876625,-0.09222261682152748,-60
-0.08824856206774712,-0.08742306753993034,-44
-0.07021862268447876,-0.07651963606476783,-54
-0.05297151580452919,-0.06298396605998277,-44
-0.04390357080847025,-0.04708415400236845,-54
-0.04429490994662046,-0.048883689753711226,-44
-0.04184887390583754,-0.04095054063946009,-50
-0.04201193321496248,-0.0348854249343276,-50
-0.03273795489221811,-0.02830973416566849,-50
-0.020164158195257187,-0.02157235536724329,-80
-0.005787165556102991,-0.010560152493417263,-46
0.0016407541930675506,-0.0064583348110318186,-46
0.003492315299808979,-0.0012906984891742467,-46
0.006194330612197518,0.004421944799833,-80
0.006125110876746475,0.010301143233664333,-46
0.009816251404117793,0.020391980733256786,-46
0.012658799055498094,0.023185813229065388,-50
0.013901619042735546,0.02300634061684832,-62
0.010436497011687607,0.014272619516123086,-56
-0.002833090105559677,-0.011195020319428295,-54
-0.04515609312802553,-0.06253439281135798,-44
-0.08637871462851762,-0.09220573659986257,-44
-0.11326081808656455,-0.1232858014293015,-46
-0.14246493028476834,-0.15134502397850155,-77
-0.15949060367420315,-0.16578659927472472,-46
-0.15342013454064726,-0.15281706964597105,-42
-0.14067275738343596,-0.15217531947419047,-40
-0.13546454561874272,-0.1450412143021822,-44
-0.1237886656075716,-0.1300364166498184,-44
-0.11219019666314126,-0.11491604968905449,-42
-0.09766223728656769,-0.10111176744103431,-38
-0.0876592244952917,-0.08635660521686077,-54
-0.07700153384357691,-0.07615724224597216,-54
-0.07699648309499026,-0.07055575121194124,-54
-0.06635954547673464,-0.05589034152217209,-64
-0.05216312319971621,-0.033783581713214515,-64
-0.03148801024071872,-0.021943607134744525,-54
-0.023227152740582825,-0.01533906632103026,-44
-0.012130203330889345,-0.0020348931197077037,-54
-0.0029481849167495968,0.0010528791695833205,-44
-0.002797756902873516,-0.00947455265559256,-64
-0.012115693977102637,-0.020068006357178092,-54
-0.01826610597781837,-0.024779204884544014,-44
-0.019891859078779817,-0.029263491788879038,-54
-0.022130617359653115,-0.03660088540054858,-44
-0.02898487509228289,-0.03706923220306635,-54
-0.02795488592237234,-0.028075498528778553,-44
-0.01813805215060711,-0.01396484449505806,-54
-0.006652297452092171,-0.006169845536351204,-44
-0.0048606377094984055,0.004305946454405784,-40
0.00178450895473361,0.009286633878946304,-42
0.004825628967955709,0.008974714251235128,-42
0.0012341050431132316,0.0006069177761673927,-46
-0.00838411170989275,-0.011809519492089748,-64
-0.018449701368808746,-0.026024194806814192,-54
-0.03166180616244674,-0.042203377559781076,-46
-0.050583937065675856,-0.05029446599073708,-54
-0.056786243431270124,-0.044455204717814924,-46
-0.049465967901051046,-0.025910084135830402,-54
-0.03415439538657665,-0.007097132876515389,-46
-0.016748406738042832,0.009525654464960098,-54
0.0046876750886440275,0.021797031909227372,-46
0.02184639945626259,0.022429101169109344,-54
0.01786264181137085,0.007252607122063636,-46
0.01046147160232067,0.0032262537628412248,-44
0.006015497073531151,0.00028559155762195585,-44
0.00028559155762195585,-0.011271335557103157,-56
-0.00021586865186691285,0.0006824642419815064,-42
0.013868417032063008,0.020350979082286356,-42
0.02962639331817627,0.03241850808262825,-42
0.04598491191864014,0.048995540291070935,-79
0.06272321557626129,0.07097816308960318,-46
0.06770514324307442,0.07020590603351592,-46
0.07052108580246567,0.06891865441575647,-46
0.06923383409157395,0.06801987076178193,-46
0.07058979766443371,0.0683318261988461,-46
0.06750751012004912,0.0699597152415663,-50
0.07604510760866105,0.0812165906187147,-46
0.09009011113084853,0.09611136713065208,-46
0.10377265815623105,0.1144312531221658,-46
0.11911045876331627,0.13120152917690575,-46
0.1392992228269577,0.14643732458353043,-46
0.14505538269877433,0.15289758071303367,-46
0.14601211659610272,0.1527617510408163,-44
0.1432578710722737,0.13468729386804626,-44
0.11636479775188491,0.09446490722475573,-50
0.0779315801220946,0.05850817410973832,
0.04617037697462365,0.019569712493103,
-9.099991293624044e-05,-0.031025586288888008,
-0.04427802730351686,-0.05219306629151106,
-0.05478484164923429,-0.04869074765592814,
-0.046321125514805314,-0.049885319592431185,-50
-0.0475650638807565,-0.05386105966754258,
-0.03981611081399024,-0.045967371994629504,
-0.03762432658113539,-0.05146067501045763,-76
-0.039468412799760696,-0.04901767722330987,-46
-0.042006126837804914,-0.04579337351024151,-54
-0.04164653476327658,-0.039547869376838206,-75
-0.04060926251113415,-0.0315874133259058,-54
-0.03074817210435867,-0.024186827521771193,-54
-0.023629201902076603,-0.020271148532629013,-76
-0.020246903970837594,-0.013963750377297402,-42
-0.01102664303034544,-0.006998170912265777,-54
-3.0079111456871033e-05,0.004191687432467006,-54
0.011898530376493,0.014609033809392713,-44
0.019482196457101964,0.01914228686073329,-38
0.026245951940654776,0.024716358640580437,-34
0.028013623142032883,0.030892358170240185,-38
0.027108446051715872,0.03072605561465025,-54
0.02745303590781987,0.02718596407212317,-54
0.021658197429496796,0.021706755936611442,-80
0.00966539877699688,0.011486343119759112,-46
0.007170805905479938,0.0066852207877673205,-54
0.011851074418518692,0.008767608518246562,-46
0.009785881370771677,0.01143687079893425,-42
0.007785898027941584,0.010359499277547002,-42
0.00905127045698464,0.011115007335320115,-42
-0.0021088996436446905,-0.004574417229741811,-42
-0.025167499016970397,-0.02528889528475702,-46
-0.044835307216271755,-0.04265017374418676,-46
-0.05193119361065328,-0.054626191151328385,-58
-0.05430530470330268,-0.060700145293958487,-58
-0.053936848719604316,-0.053912725974805654,-48
-0.048827911843545735,-0.046934129833243785,-42
-0.03915880674030632,-0.03787200616206974,-40
-0.03241693840827793,-0.025133161433041097,-54
-0.024787591584026814,-0.019849506579339503,-54
-0.019676721654832363,-0.018856553733348845,-40
-0.014339461177587508,-0.017490594554692505,-38
-0.00996210714802146,-0.01506075132638216,-46
-0.009581000357866288,-0.012008925899863243,-46
-0.01536589115858078,-0.010218688286840916,
-0.010292739234864711,-0.002188950777053833,-81
0.0034389021806418897,0.013315390422940254,-66
0.016806409554556014,0.030111442459747194,-67
0.03436336345039308,0.04322529151104391,
0.05465891412459314,0.06252539432607591,-36
0.07366345538757742,0.07640701173804701,-36
0.08244918272830545,0.08711079941131175,-36
0.08601408612448722,0.08176521596033126,-64
0.07980140398722142,0.06885145965497941,-54
0.06725131690036505,0.05552443421911448,-54
0.05123314138036221,0.04861098180990666,-46
0.04049539144616574,0.024172214861027896,-44
0.019161451188847423,0.0065520612057298425,-38
-0.0042271938174963,-0.010326296463608742,-38
-0.024676868878304958,-0.033724097348749635,-46
-0.048494290187954904,-0.059783044084906575,-46
-0.06903938092291355,-0.06913587134331464,-42
-0.07069093603640794,-0.0690747226588428,-38
-0.06282978123053909,-0.06598984068259597,-38
-0.053845526184886694,-0.05230168020352721,-46
-0.03745875367894769,-0.03921970287337899,-46
-0.025702665839344264,-0.026426343340426685,-80
-0.023809885326772928,-0.025136627629399298,-42
-0.026889160647988318,-0.027974676340818405,-36
-0.029776576533913614,-0.034721707180142405,-36
-0.03840766195207834,-0.04115763772279024,-36
-0.043641121312975886,-0.04716301932930946,-42
-0.04286851805372862,-0.04443648622109322,-62
-0.03739805730729131,-0.0298697732083383,-77
-0.02646772988809971,-0.017029844287026207,-40
-0.012228638368833344,0.0011188353717443533,-40
0.005711598445486743,0.017806263391685208,-42
0.023140073288232088,0.0291372018866241,-42
0.03459223471581936,0.036267503444105384,-42
0.042571097146719694,0.04169704384112265,-54
0.04870373113953974,0.04211058310174849,-54
0.04940820476913359,0.04315120634564664,-54
0.0515640808356693,0.0492335855436977,-40
0.05541595736867748,0.05376496789394878,-62
0.054928708350053056,0.05442182061669883,-54
0.05010628302989062,0.05682082710263785,-34
0.04544879720488097,0.04978773455077316,-34
0.03463452589639928,0.03667367014568299,-50
0.01910859707277268,0.01686300274450332,-50
0.00527780179399997,-5.045370198786259e-06,-36
-0.008386009209789335,-0.018743064277805387,-36
-0.022223446797579528,-0.029047010745853186,-81
-0.03822929747402668,-0.04050966762006283,-77
-0.04423688612878322,-0.042136967333499344,-36
-0.051590773242060094,-0.04109086223179474,-38
-0.048372513765934856,-0.04192441912600771,-42
-0.04138138076523319,-0.03370804308215156,-42
-0.02447638917947188,-0.022050343418959527,-42
-0.02101363387191668,-0.017711654677987097,-64
-0.010355951637029648,-0.01950499787926674,-65
-0.016839173436164857,-0.02280481653288007,-52
-0.026433300878852605,-0.0350956647656858,-52
-0.03939060494303703,-0.04384294822812081,-50
-0.03727711951360106,-0.031231584306806327,-44
-0.02576719708740711,-0.009601445496082306,-44
-0.0004110554233193398,0.01648025382310152,-50
0.02813876364380121,0.03539293073117733,-58
0.04540905430912971,0.055906932801008224,-48
0.060698920395225286,0.06004338031634689,-50
0.06188596934080124,0.061230429261922834,-50
0.061860788613557816,0.061690833419561386,-76
0.06142414286732674,0.07315102387219667,-60
0.07399958465248346,0.07951097581535578,-54
0.0799473786726594,0.0809428283944726,-54
0.08036095816642046,0.07659767363220453,-42
0.07284908145666122,0.06847881525754929,-42
0.062443329859524964,0.0519789700396359,-46
0.044249098468571904,0.029252977576106787,-50
0.020568888168781996,0.0072376995347440245,-46
-5.761254578828812e-06,-0.010739539284259081,-64
-0.016120556462556123,-0.029822509083896876,-64
-0.03372251223772764,-0.04342120755463839,-48
-0.04413703102618456,-0.04580148980021477,-48
-0.04232110735028982,-0.038555946480482814,-48
-0.03398948716931045,-0.030853550392203034,-56
-0.025447849626652898,-0.021684725838713347,-42
-0.016234486852772533,-0.018260784377343953,-42
-0.011948613193817436,-0.020922216516919435,-42
-0.017464120243676006,-0.033290576399303974,-62
-0.0300801940029487,-0.05070500900037587,-62
-0.04695685585029423,-0.06374617801047862,-52
-0.06023071240633726,-0.06573066171258687,-54
-0.06240915283560753,-0.05232591014355421,-53
-0.0525198670104146,-0.037949822191148994,
-0.036786081921309235,-0.016137144342064858,-54
-0.013421750254929065,0.004380720760673284,-54
0.0074840291403234,0.026796987187117337,-54
0.028203173261135816,0.030643314681947233,-36
0.037456045486032964,0.03854250202421099,-38
0.04540372195187956,0.04583933858666569,-54
0.05088221377227455,0.04919363253284246,-54
0.053363701631315055,0.043892759014852345,-54
0.04709304564166814,0.04412220700178295,-42
0.044461630866862833,0.04260325143113732,-42
0.03775433273985982,0.03565425742417574,-85
0.026514046546071767,0.026248698029667138,-54
0.017593379039317368,0.02322819931432605,-38
0.015251728426665067,0.01771270266035572,-36
0.0089846495189704,0.009008772077504546,-62
0.0010179165401495993,-0.0038789688027463854,-78
-0.009750246570911258,-0.01821727560600266,-50
-0.026319393829908222,-0.04630715524544939,-38
-0.05402716746320948,-0.06459333142265677,-34
-0.07065056320279836,-0.07057819552719594,-34
-0.07139275316148996,-0.06332750516012312,-34
-0.06001990744844079,-0.04952658088877797,-56
-0.04789746524766088,-0.04107077242806554,-54
-0.04292203979566693,-0.04400755660608411,-80
-0.04521705145016312,-0.05433539068326354,-54
-0.05882779946550727,-0.06730313189327716,-52
-0.07258541509509087,-0.07574547417461872,-52
-0.07199357252102345,-0.062272168486379086,-46
-0.05294333470519632,-0.041533349838573486,-46
-0.03295741529436782,-0.024345650349278002,-48
-0.01616343712667003,-0.013244603632483632,-60
-0.006101733597461134,-0.005064462649170309,-58
-0.003458612959366292,-0.0067151623661629856,-54
-0.00727278821868822,-0.011325383232906461,-56
-0.010937469685450197,-0.012312457012012602,-42
-0.00981526393443346,-0.005497007156373001,-60
-0.002805857724160887,0.0030715985310962425,-54
0.003847425346611999,0.012607376193045639,-54
0.011176945464103482,0.02095834855863359,-42
0.019746118885814214,0.02941082577162888,-40
0.02715607854479458,0.03368719853460789,-54
0.03082633698359132,0.03492953209206462,-54
0.0315851965919137,0.03583406675606966,-38
0.030936962645500898,0.033340608980506656,-36
0.026551649533212186,0.026333135925233363,-38
0.019389490596950054,0.019219536148011685,-58
0.01325840437784791,0.01046628886833787,-58
0.006467550992965698,-0.006203553825616837,-58
-0.005191527865827083,-0.022900649718940257,-38
-0.01912406403571367,-0.0312719875946641,-79
-0.030531480349600314,-0.03834031457081437,-56
-0.03969791056588292,-0.043364078120794146,-56
-0.04590648555895314,-0.04122325660428032,-50
-0.04413591710617766,-0.03967323874821886,-80
-0.04278336813440546,-0.04753551868489012,-54
-0.0473380503593944,-0.06096731260186061,-54
-0.05714135974412784,-0.0705298662185669,-48
-0.06297669478226453,-0.06582660705316812,-48
-0.06074179282877594,-0.05397791091818362,-50
-0.050398793932981786,-0.03646078903693706,-54
-0.03337534342426807,-0.016598864388652147,-42
-0.015167217724956572,-0.0030576785327866675,-38
-0.001549685187637806,-0.00012645237147808076,-58
0.002435032743960619,-0.0005174798890948296,-54
0.0033593587577342987,-0.0013396939262747764,-54
0.0041262125596404076,-3.415308892726898e-05,-34
0.006075822096318006,0.002481556311249733,-34
0.0072819855064153675,0.0027710611000657083,-34
0.009535302221775056,0.00461429376155138,-62
0.009511701390147209,0.006544622965157032,-62
0.0077083630487322806,0.006068027019500733,-62
0.0025040718726813795,0.0038066918961703776,-48
-0.0066732530482113365,-0.003271967824548483,-34
-0.01894137030467391,-0.012741864623967558,-46
-0.025366747158113868,-0.02090406814822927,
-0.028866627311799675,-0.025996039120946078,-34
-0.030961048195604236,-0.030526841955725102,-66
-0.03709267020458355,-0.031424327159766105,-54
-0.04418573078000918,-0.04510238915681839,-54
-0.05806125961244106,-0.06177613837644458,-54
-0.06861348515376449,-0.06136166425421834,-54
-0.06395343849435449,-0.05370320929214358,-36
-0.05145700452849269,-0.05279236389324069,-36
-0.042820203583687544,-0.04470176566392183,-60
-0.038111254759132865,-0.040234042890369894,-54
-0.042899868078529836,-0.05473498124629259,-54
-0.06196726504713297,-0.07267582323402166,-62
-0.07645240928977728,-0.0804717993363738,-62
-0.07523888293653727,-0.07047529611736536,-64
-0.057300755940377715,-0.046657206304371354,-48
-0.036043273843824865,-0.027655814960598945,-54
-0.018127960339188575,-0.013489216472953558,-30
-0.002727181930094957,0.004108602087944746,-30
0.009576062113046646,0.015524480678141116,-79
0.015548725239932537,0.019433406926691533,-75
0.021383408503606916,0.029444122174754738,-58
0.032159314630553125,0.04391047530807555,-34
0.04511996991932392,0.05250086337327957,-34
0.04888467052951455,0.05490592578426003,-78
0.04812486777082085,0.05905053252354264,-56
0.05831002560444176,0.06741474685259163,-56
0.06662487289868295,0.05846704221330583,-59
0.054492988251149656,0.04803470615297556,-54
0.048553061112761496,0.043357300385832784,-54
0.04821996275568381,0.03603177625918761,-54
0.03687101743416861,0.018224547815043478,-60
0.01778024361701682,0.0018048189696855844,-56
7.696935208514332e-05,-0.02280628978041932,-54
-0.029668321076314896,-0.05206098592607304,-30
-0.06257618474774063,-0.07591426218859851,-30
-0.08568895356729626,-0.08991777002811432,-30
-0.09848296698182821,-0.08617371013388038,-54
-0.08911105459555983,-0.0731660227291286,-54
-0.06899450002238154,-0.05830819336697459,-30
-0.052828441839665174,-0.060378812905400994,-28
-0.05736741861328483,-0.06988704251125455,-30
-0.061198427621275184,-0.07645064070820809,-58
-0.06384942792356015,-0.07494581937789917,-58
-0.07129265181720257,-0.08050748147070408,-30
-0.08043343052268029,-0.0771527573466301,-62
-0.0736723743379116,-0.06703866198658943,-77
-0.06391526269726455,-0.05679909917525947,-26
-0.058423486864194275,-0.04843673459254205,-26
-0.04356191693805158,-0.03270675097592175,-26
-0.02233573799021542,-0.01062782215885818,-62
-0.00477234753780067,0.005269542755559087,-62
0.01186407171189785,0.015241234749555587,-54
0.020356844179332256,0.01864414047449827,-54
0.023614281974732875,0.020695448759943245,-54
0.02413818137720227,0.018388545140624046,-28
0.02367386631667614,0.019324906915426255,-62
0.018621814250946046,0.021468279510736467,-50
0.01778310127556324,0.021087895962409675,-48
0.012452431512065232,0.015877839107997716,-50
0.0053716910304501654,0.009858805904514156,-30
0.0014825693186139687,0.0061471590626752,-28
-0.0002534136670874432,0.00015667034022044392,-54
-0.005956276602228172,-0.0040892804769100625,-58
-0.011741185307619162,-0.004828176953014918,-58
-0.017194642245885915,-0.02054799556499347,-56
-0.03703661736799404,-0.03378319683251903,-56
-0.04545632745139301,-0.03836976131424308,-56
-0.0410602699033916,-0.03295099847018719,-75
-0.02845858968794346,-0.02950259782373905,-30
-0.021431072801351547,-0.019187671970576047,-62
-0.008993359189480543,-0.01664602095261216,-54
-0.013091588113456964,-0.022879884485155343,-54
-0.025372924376279117,-0.03650707621127367,-32
-0.03959252182394266,-0.040806484408676624,-30
-0.03838749509304762,-0.03183898916468024,-60
-0.026309870649129152,-0.015792256500571967,-36
-0.0076978033117484305,0.0016534669615793974,-36
0.009502840490313247,0.016922266205074265,-36
0.022698220127495006,0.02408213753369637,-58
0.026501126942457633,0.024024642986478283,-38
0.024098693655105308,0.01933995902654715,-56
0.019094879273325205,0.01732249343767762,-34
0.01690287282690406,0.018529583420604467,-56
0.017838443629443645,0.02291280832141638,-56
0.021999516431242226,0.03076432840898633,-36
0.03187508885748684,0.042315168352797625,-36
0.04224111766088754,0.04984052546788007,-80
0.050284829642623666,0.05509212231263518,-54
0.056862754351459446,0.056741357571445404,-36
0.05935035285074264,0.05782075983006507,-62
0.05847975353244692,0.055056379386223854,-80
0.05595738003030419,0.051635672245174645,-38
0.051635672245174645,0.048625044617801906,-36
0.04969180666375905,0.049109104950912294,-36
0.05209118963684887,0.04512304270174354,-36
0.04548671159427613,0.03104666795115918,-59
0.029972882359288633,0.015473787277005612,-34
0.010956695070490241,0.0006928358692675829,-34
-0.009105323487892747,-0.01643765908665955,-62
-0.02755785738117993,-0.02899033376015723,-80
-0.034554772172123195,-0.028563909977674485,-34
-0.03238986246287823,-0.023256483674049377,-34
-0.024268509820103645,-0.020997076760977507,-34
-0.014554666448384523,-0.01886180406436324,-54
-0.011160532082431018,-0.02207584965508431,-40
-0.021088506910018623,-0.03171090593095869,-42
-0.03334002119954675,-0.04905886759515852,-42
-0.04535633323248476,-0.05859039609786123,-60
-0.05681317935232073,-0.0566443212563172,-42
-0.056183235021308064,-0.04339841497130692,-42
-0.03739088834263384,-0.02215543040074408,-42
-0.014487081067636609,0.004242393327876926,-78
0.008424653438851237,0.023819570196792483,-80
0.027216446958482264,0.03203454557806253,-56
0.035622745379805566,0.03307342361658812,-52
0.03576457314193249,0.03251115269958973,-60
0.0365115100517869,0.03605020400136709,-62
0.03939595762640238,0.04068275820463896,-40
0.04310721699148416,0.04572937693446875,-38
0.04929333161562681,0.05281382389366627,-38
0.05734756253659725,0.05870720110833645,-66
0.0637743204832077,0.06049662083387375,-38
0.06204827427864075,0.056609720643609765,-38
0.05508231176063418,0.050396415032446386,-34
0.04426253335550427,0.04030501446686685,-34
0.03055298204999417,0.028076497628353535,-34
0.01561092825140804,0.019447050779126583,-64
0.010540168709121644,0.01864944032859057,-36
0.013220069720409811,0.018270155298523605,-70
0.014569275244139136,0.01592891358304769,-42
0.01217701192945242,0.01251692147925496,-42
0.006370714027434587,0.005011075828224421,-58
-0.0038503237999975683,-0.00484577352181077,-62
-0.01647173296660185,-0.01501497756689787,-58
-0.024616884440183638,-0.01837711539119482,-64
-0.022795473970472813,-0.012792420014739037,-58
-0.010225329548120499,-0.0070933055132627485,-56
0.0008054349571466445,-0.010773102566599847,-70
-0.0066262628883123394,-0.014464232977479697,-44
-0.012218028213828802,-0.026214621867984532,-58
-0.027473483141511677,-0.04356764992699027,-40
-0.04591258866712451,-0.053050690272357315,-42
-0.061418418714310974,-0.05697798234177753,-42
-0.05900203537894413,-0.05201383902458474,-42
-0.04265876797726378,-0.023636368790175766,-42
-0.01325600155396387,0.002304021187592298,-32
0.00877111527370289,0.018434259621426464,-36
0.029122243309393524,0.03691588528454304,-54
0.047896560153458265,0.04750809172401205,-54
0.049597516295034436,0.041269731905777006,-50
0.04369419101858511,0.03718735050642863,-46
0.04067276396090165,0.035986867325846106,-56
0.03975399757036939,0.038248683011624963,-58
0.04326731339097023,0.0466178510338068,-58
0.050084827840328215,0.055013517290353774,-79
0.05692883990705013,0.06302293315529824,-62
0.06552012600004672,0.07059449069201947,-62
0.07255830243229866,0.07709852382540702,-58
0.0768560778349638,0.07433103509247303,-62
0.0695790949743241,0.06804950120858848,-44
0.061499611986801025,0.061281099123880266,-54
0.05594026553444564,0.05545468064956367,-54
0.05133310011588037,0.04536040290258825,-42
0.04189342646859586,0.033720403397455814,-42
0.03389011551626027,0.021895070420578124,-60
0.024274890078231692,0.0043527513276785616,-56
0.004402118432335555,-0.016670854133553802,-54
-0.01983528018463403,-0.03699553229380399,-42
-0.04271958649624139,-0.051837925263680515,-42
-0.05789691300597042,-0.0560153512051329,-44
-0.05674268899601884,-0.048613376059802246,-46
-0.04560090099112131,-0.04555265624658204,-44
-0.041685136972228067,-0.038621567754307765,-82
-0.037041819846490395,-0.036607613420346755,-66
-0.03030617973417975,-0.04243984250933863,
-0.04234286413993686,-0.05602037261705846,-67
-0.05923031617421657,-0.06099126536864787,-78
-0.06357523922342807,-0.0611388583900407,-54
-0.059411008679308,-0.04435051830951124,-42
-0.04478692098055035,-0.030503370962105692,-42
-0.02929114140570164,-0.013071204256266355,-56
-0.011049245717003942,0.002121845264628064,-56
0.006378696118190419,0.012578201833821367,-54
0.018025232366926502,0.011600629128224682,-42
0.017128396015323233,0.014327198946557474,-62
0.02084899407782359,0.016087287319533062,-79
0.02340915392123861,0.016437568864785135,-58
0.023759435839019717,0.015485388226807117,-40
0.02098891083151102,0.013535030744969844,-46
0.013535030744969844,0.00781797654926777,-40
0.0016840947791934013,-0.0004386933520436287,-58
-0.007978761289268731,-0.005445889476686716,-58
-0.01463459013029933,-0.012415312509983779,-46
-0.02279814367648214,-0.02617530634161085,-46
-0.03485291206743568,-0.040666454820893705,-78
-0.051198974973522125,-0.05238098164554685,-38
-0.06674867391120642,-0.0580853697611019,-40
-0.07397729705553502,-0.06234033468645066,-38
-0.0754719903692603,-0.053918915800750256,-62
-0.05683157667517662,-0.036842715740203855,-60
-0.022867463529109955,-0.019152584858238696,-56
-0.0016088509932160378,-0.0002734916284680367,-56
0.01898843366652727,0.01563789639621973,-82
0.030957710929214954,0.014856341667473317,-42
0.020187991857528686,0.005216628313064575,-42
-0.005475710332393646,-0.011289254389703273,-82
-0.016886142361909152,-0.02502736644819379,-48
-0.02604563916102052,-0.022525147069245577,-48
-0.02068255813792348,-0.013346000900492072,-48
-0.013321317348163575,-0.004322651086840779,-42
-0.0005213820026256144,0.009765181259717792,-42
0.008037331921514124,0.012390991521533579,-42
0.00636570364004001,0.0030880039907060564,-80
0.00025138681521639226,0.0016353044542483986,-58
0.006026648380793631,0.0035893267951905726,-42
0.013341258373111486,0.004043720941990614,-42
0.008531840983778238,0.007099364814348519,-42
0.015500622731633485,0.00827402521390468,-58
0.014989776746369898,0.00807849618140608,-58
0.010381732904352247,0.012673378945328296,-58
0.009788272739388048,0.01615663676057011,
0.018193182745017113,0.014693057537078858,-60
0.01311715915799141,0.013044791296124458,-36
0.01064457707107067,0.010692821815609932,-36
0.007419801503419876,0.00037600547075271605,-43
-0.006787022575736046,-0.00989883653819561,
-0.01869439072906971,-0.016378622408956288,-58
-0.026264743786305188,-0.02110235304135131,-79
-0.02693290728639113,-0.01720491889427649,-54
-0.021416353336826434,-0.011070578447834123,-32
-0.01151488264586078,-0.0013464215167914516,-81
0.00582474479888333,0.008004551198973786,-54
0.014520674203231465,0.0073561086785048245,-54
0.011344073992222547,-0.006199633423238993,-58
-0.003467119298875332,-0.020350116305053234,-42
-0.018276696908287704,-0.03848015617113561,-42
-0.04155385072808713,-0.0523936667246744,-56
-0.0478599278954789,-0.04380733303260058,-56
-0.04361337653826922,-0.03145559106487781,-46
-0.028764441167004405,-0.015617629629559815,-46
-0.010180695774033665,0.002001212676987052,-58
0.013124111434444785,0.01833459078334272,-58
0.02485638647340238,0.02299894723109901,-46
0.03053901526145637,0.023664077371358873,-44
0.030598030611872672,0.021962143294513226,-46
0.029017320089042186,0.021491072326898574,-34
0.023309416323900222,0.017857711017131805,-34
0.015845409035682677,0.0118169367313385,-34
0.010071326047182083,0.011398068442940713,-60
0.0077856238931417465,0.013309697061777115,-58
0.006981858238577843,0.016220809891819954,-56
0.008317073434591293,0.018232711066957563,-54
0.009722859633620828,0.019546236598398537,-56
0.009940110926982016,0.016625358152668922,-56
0.010152052424382418,0.013625705416779965,-46
0.010376930225174875,0.009846233285497875,-46
0.00839155790163204,0.008149078660062514,-46
0.008221812345436775,0.007979019763297401,-58
0.006572056686854922,0.0033604621741687877,-58
-0.003502547848620452,-0.004660432148375549,-58
-0.018609482343890704,-0.01560606119746808,-58
-0.030888902410515583,-0.03277046433649957,-44
-0.04332371721975505,-0.041478493716567755,-80
-0.04535381337627768,-0.05003359550610185,-46
-0.045788022316992284,-0.06016508555039764,-38
-0.05300685157999396,-0.06228214586153626,-62
-0.055321380216628316,-0.0582402135245502,-59
-0.05160033525899053,-0.05482446304522455,
-0.04986306666396558,-0.043808296835049984,-44
-0.04272221999708563,-0.02894822156522423,-58
-0.02529505405109376,-0.02013282000552863,-54
-0.014430916286073625,-0.010426566540263593,-46
-0.008525931974872947,-0.0077781317129847595,-46
-0.007506612509314436,-0.00489306944218697,-46
-0.004769651622336823,-0.0014067415453610011,-56
-0.00013592637405963616,0.004098530269402545,-58
0.005603450878697913,0.010987962938088458,-42
0.01268552331457613,0.017662614560686053,-42
0.01977803953923285,0.022327361768111585,-42
0.02342012426815927,0.025653815967962144,-76
0.024950722791254522,0.028641169890761375,-52
0.026395742315798998,0.031275872606784105,-34
0.027332107815891505,0.03315913015976548,-34
0.027982943411916494,0.033907081838697194,-58
0.029457354359328745,0.03470167387276888,-58
0.03159154467284679,0.03166438266634941,-60
0.03188653476536274,0.028875907137989997,-36
0.03072717450559139,0.026356907561421394,-38
0.028701845929026602,0.0228019867092371,-58
0.02487540626898408,0.01507175639271736,-54
0.016972390934824944,0.008709300495684146,-54
0.007549173012375831,-0.002527184784412384,-40
-0.007044277153909206,-0.01651757024228573,-40
-0.021034662425518037,-0.023778218682855366,-58
-0.029257969930768013,-0.024091658275574447,-58
-0.026411913428455593,-0.017566120903939008,-54
-0.019244603533297776,-0.015019546868279577,-80
-0.015587268816307186,-0.013102641934528947,-42
-0.011991881439462304,-0.016702993167564274,-56
-0.013666914729401469,-0.028192791668698192,-58
-0.025526966666802764,-0.047398958122357726,-56
-0.04353110082447529,-0.05984157402999699,-54
-0.054240160732297225,-0.07042641818406992,-54
-0.06564351347624324,-0.06836936650215648,-56
-0.0645191694246023,-0.05544907521543792,-56
-0.05547375870955875,-0.038530456704029346,-56
-0.04096666705881944,-0.022155430364364292,-46
-0.023486586978833657,-0.003710759377281647,-46
-0.0017954365976038389,0.006442743756633717,-54
0.010030943341553212,0.01318019675090909,-54
0.01908743567764759,0.01901459787040949,-56
0.027536200918257238,0.01909767705947161,-54
0.027023362554609777,0.022661869507282974,-46
0.026589493546634913,0.02237978605553508,-54
0.025313381757587194,0.019365907926112414,-56
0.02232374818995595,0.017659315001219512,-38
0.020301974844187498,0.023148440476506948,-38
0.025160741712898015,0.02494363859295845,-58
0.028628816828131676,0.02843583598732948,-62
0.03454547300934792,0.03454547300934792,-62
0.0408733107149601,0.04019787833094597,-46
0.044804351031780244,0.04342936351895332,-46
0.04893288686871529,0.046448259986937045,-46
0.04785444606095553,0.04865049161016941,-38
0.046104809269309044,0.054553046450018884,-38
0.05280743651092053,0.06256612725555896,-38
0.05936584137380123,0.06723121963441372,-38
0.05619992949068546,0.06224342361092568,-58
0.05339414738118649,0.05734069962054491,-76
0.0478610644582659,0.05026471153832972,-58
0.030202209064736963,0.025370636535808445,-54
0.008307778043672442,0.008113544015213848,-46
0.00044509316794574263,0.005446620611473918,-46
-0.002507396088913083,0.0003332769032567739,-80
-0.005974302720278502,-0.011412856820970773,-42
-0.008796399179846048,-0.010828806739300489,-42
-0.008409817796200513,-0.014561239164322615,-42
-0.011994148138910532,-0.017238468024879695,-58
-0.01963277393952012,-0.0215993938036263,-58
-0.02564749764278531,-0.025793173164129258,-80
-0.03196406438946724,-0.0315781029406935,-54
-0.021977108577266334,-0.014975913101807237,-54
-0.008662324072793126,-0.0042920578736811875,-38
0.005450149951502681,0.011301451129838824,-80
0.021390444063581527,0.0299124636920169,-44
0.04160106049384922,0.04977862623054534,-54
0.044978197175078095,0.0459736468968913,-38
0.040968286874704066,0.03999711673241109,-38
0.036203648219816385,0.03418847031425685,-38
0.03333113016560674,0.02944644885137677,-40
0.029640405578538774,0.0288391902577132,-58
0.028911924036219717,0.02876624804921448,-58
0.028716880921274425,0.029105348978191614,-58
0.02777243619784713,0.028015228267759085,-56
0.024189275689423084,0.02588882390409708,-58
0.02244804995134473,0.023370662052184344,-82
0.022224581614136697,0.017174496222287415,-42
0.013151074992492795,0.01973075312562287,-42
0.010104163782671094,0.017145147966220974,-56
0.026410668389871716,0.03847745885141194,-56
0.045191252464428545,0.04693935909308493,-54
0.04629758642986417,0.05899563916027546,-42
0.06448558820411562,0.06392716644331813,-42
0.0786801370792091,0.07149347690865397,-52
0.06635011183097958,0.052438097167760135,-52
0.043354681599885224,0.032318586204200986,-42
0.021260349173098804,0.01412224667146802,-57
0.007422803156077862,-0.01315597239881754,-57
-0.020034886710345746,-0.01833533849567175,-42
-0.023123949766159058,-0.02907189754769206,-62
-0.02793645402416587,-0.031096513103693723,-60
-0.02630790127441287,-0.03575425175949931,-42
-0.02966092306887731,-0.030770561879035086,-42
-0.026969292701687665,-0.04246430689236149,-52
-0.041378230543341485,-0.04740887772059068,-52
-0.044841786788310856,-0.044286967010702935,-60
-0.03654466842999682,-0.03478371942183003,-60
-0.03320782110095024,-0.023655276000499725,-56
-0.020868565980345012,-0.012317418958991766,-56
-0.006720294151455164,0.002053439151495695,-56
0.0050341058522462845,0.009934907918795944,-38
0.010347066028043628,0.012229724717326463,-40
0.011938789789564908,0.01104625400621444,-54
0.010270427051000296,0.01163006543647498,-40
0.008377879462204873,0.006144187762401998,-42
0.0065321013098582625,0.0027891835430637,-42
0.006013713986612856,0.004203423159196973,-79
0.005779321538284421,0.009460211964324117,-60
0.013218123745173217,0.010814477177336811,-60
0.018527668295428158,0.019887306680902838,-60
0.023063348000869156,0.026151039157412015,-46
0.027217801366350613,0.028472175970091485,-46
0.029223758130683564,0.026652506794198415,-64
0.026167614813311958,0.02658036221691873,-46
0.023671011076658033,0.024302271762280725,-46
0.022653639697819018,0.02529976542573422,-46
0.024039046722464263,0.026682979054749013,-64
0.025131325237452984,0.028819422144442795,-61
0.02831028597429395,0.03149086851626635,-46
0.03192727100104094,0.03600618690252304,-46
0.035254604555666445,0.04137297719717026,-56
0.04050017185509205,0.04722552616149187,-54
0.04116951059550047,0.04418013896793127,-54
0.030938909761607646,0.03560052718967199,-54
0.021869138441979886,0.029080077819526196,-54
0.01874009594321251,0.02041536495089531,-42
0.009362632408738136,0.011644882336258888,-42
0.007498043030500412,0.010994256287813187,-42
0.015042360499501228,0.014289703592658043,-60
0.019325150549411772,0.012891147285699844,-44
0.017605707980692387,0.01260418128222227,-44
0.017121273465454577,0.012653890438377858,-54
0.01650452632457018,0.011551557295024394,-38
0.012859786488115787,0.012811228074133396,-40
0.008540971390902995,0.007788314484059811,-40
0.006702237576246261,0.009203000739216805,-60
0.00949920378625393,0.009135014936327934,-60
0.006839444115757942,0.00768921822309494,-46
0.011515170661732554,0.010738233802840114,-46
0.022928605368360878,0.034801160683855414,-46
0.037442302284762266,0.038000725535675885,-56
0.04176721451804042,0.04159725932404399,-54
0.04801454686821671,0.045270990890276155,-58
0.043197571283963045,0.03470656851568492,-44
0.025157338364806492,0.0010366085756686517,-50
-0.00466529523691861,-0.025441120767209214,-46
-0.03017026872112183,-0.041138221851724666,-50
-0.045482090301811696,-0.043175561167299745,-48
-0.03854636307805777,-0.03743625398492441,-82
-0.02805673595285043,-0.022024051973130555,-40
-0.014603517099749297,0.0006851959158666431,-48
0.00492945202277042,0.014804838976124302,-58
0.01939115333952941,0.022717411775374785,-58
0.022329498414183035,0.029661834420403467,-44
0.02774651171057485,0.03578294570907019,-46
0.036849707685178146,0.0427495674637612,-46
0.04582863044925034,0.04609570209868252,-54
0.047235197946429254,0.04225795045495033,-54
0.03900400847196579,0.03327410332858562,-54
0.02879661964252591,0.023090994264930487,-50
0.017565725650638343,0.011253118421882391,-48
0.001510810013860464,-0.001257025171071291,-63
-0.007575241103768349,-0.008206501975655556,-54
-0.01190903652459383,-0.0135843051597476,-48
-0.01901468951255083,-0.024266368150711058,-50
-0.027845484763383867,-0.034809240698814393,-58
-0.03927696645259857,-0.04267136249691248,-56
-0.05214985068887472,-0.056776692345738414,-56
-0.06420644484460354,-0.071708570048213,-54
-0.07768199183046817,-0.08137274831533432,-54
-0.09339364618062973,-0.08996823839843274,-54
-0.09870622046291828,-0.09688997622579336,-60
-0.0978526359423995,-0.0977079002186656,-60
-0.10486613344401122,-0.08058704119175672,-46
-0.07779779937118292,-0.06501924153417349,-46
-0.0618103763088584,-0.06583884861320258,-38
-0.0668261906132102,-0.07300862353295087,-44
-0.0718731788918376,-0.06955192694440485,-44
-0.0672563568688929,-0.08507059523835778,-46
-0.09131553703919053,-0.09794283425435424,-36
-0.09811561917886139,-0.0935323272831738,-36
-0.08928675400093197,-0.08759817266836763,-60
-0.0883386799134314,-0.09331341683864594,-38
-0.08267480060458184,-0.08655853755772114,-50
-0.08130093850195408,-0.0851846756413579,-56
-0.08733214605599642,-0.09454480037093163,-58
-0.09089163318276405,-0.09525782205164432,-58
-0.08933376707136631,-0.09394118115305901,-46
-0.09529877677559853,-0.0998338233679533,-46
-0.09183634780347347,-0.09152275361120701,-60
-0.07663856409490108,-0.08124597929418087,-62
-0.07519850619137287,-0.07522262819111347,-62
-0.07860427610576153,-0.07821831516921521,-48
-0.07769996039569378,-0.07673505730926991,-48
-0.07826543860137462,-0.08456143513321876,-36
-0.08767156451940536,-0.0868996411561966,-38
-0.08835597112774848,-0.09204672798514366,-42
-0.08856634497642517,-0.08943475857377052,-46
-0.09007653146982193,-0.09135502874851227,-56
-0.09300882741808891,-0.09182682037353515,-46
-0.09394960701465607,-0.0877742238342762,-56
-0.08661409616470336,-0.07677207943052053,-62
-0.07227967102080583,-0.06759988833218813,-64
-0.06407013814896345,-0.05893202628940344,-40
-0.05562442857772112,-0.05046219434589148,-40
-0.044809657894074914,-0.04565394874662161,-60
-0.042074831761419774,-0.04950458966195583,-62
-0.04797420874238014,-0.05557282418012619,-60
-0.047677832283079626,-0.054335666634142396,-60
-0.04670429229736328,-0.05307265557348728,-82
-0.050801767501980066,-0.05511971050873399,-58
-0.05428046947345137,-0.05444932719692588,-40
-0.052178439171984795,-0.049500831635668874,-42
-0.052878731302917,-0.051576112024486066,-54
-0.05683786440640688,-0.056958478130400184,-42
-0.05913063185289502,-0.05818985076621175,-42
-0.0565113683231175,-0.057331536430865526,-42
-0.05787457483820617,-0.058622375456616284,-58
-0.061460985243320464,-0.06203992739319801,-54
-0.06371840965002776,-0.06436971928924322,-50
-0.06668997425585985,-0.06690707746893168,-50
-0.07315201908349991,-0.0715116836130619,-50
-0.07750978954136371,-0.07577296309173107,-44
-0.07824131958186627,-0.07611853145062923,-60
-0.07441536560654641,-0.07091758996248246,-46
-0.06731378957629204,-0.05829194169491529,-46
-0.052121050748974086,-0.048454416636377576,-54
-0.041174521268112586,-0.037049558357102795,-56
-0.03083764069597237,-0.024493399792118,-58
-0.022123777511296794,-0.018119427579222247,-52
-0.0175270221370738,-0.021217778435675426,-52
-0.023562717268941925,-0.023466226662276313,-58
-0.027710043964907526,-0.028433721465989947,-42
-0.03168361145071685,-0.03380639920942485,-56
-0.035682350303977727,-0.03505516303703189,-58
-0.033503171219490466,-0.03188695756252855,-46
-0.028727461094968022,-0.025253808381967245,-46
-0.02023416410665959,-0.016205691802315413,-40
-0.019439238752238453,-0.01562786961439997,-40
-0.016343692899681628,-0.015499402233399451,-42
-0.018606458650901915,-0.017858658405020832,-46
-0.02030233140103519,-0.01909604528482305,-46
-0.020536572621494997,-0.019716404606879224,-60
-0.011317644869268405,-0.008261121898249258,-64
-0.0023412537717376835,0.0024541324979509226,-46
0.005292742517485749,0.007731630727357696,-46
0.011223088837868999,0.010595744824968278,-60
0.012618142296560109,0.0129809211473912,-58
0.011065598344430327,0.009123257827013731,-56
0.005350859928876161,0.003796987421810627,-56
0.0021678720600903033,0.002774853468872607,-46
0.0010359285632148385,0.0020760199753567577,-58
-0.0004647323163226247,-0.00027049826458096503,-82
-0.0022368429228663443,-0.0022368429228663443,-36
-0.002977349888533354,-0.004361267523199786,-57
-0.006064433367282618,-0.0058216407385771165,-54
-0.00750012318167137,-0.007160213585302699,-54
-0.009603886581317056,-0.00928825623850571,-54
-0.011361675798252691,-0.012548226020589937,-44
-0.016127342726395,-0.016706441529095173,-46
-0.022531762905418872,-0.024228334287181498,-54
-0.029732769029214977,-0.03241539001464844,-54
-0.03350146673619747,-0.03765478194691241,-42
-0.03607503366656602,-0.04068244826048613,-42
-0.03752295207232237,-0.04367421236820519,-58
-0.038663448812440035,-0.045248915627598765,-58
-0.03848561905324459,-0.04584300871938467,-34
-0.04181958772242069,-0.04799497053027153,-34
-0.04631648815702647,-0.05205766416620463,-48
-0.050034489863901396,-0.053266917550354266,-58
-0.04637868386635091,-0.048067264826386236,-36
-0.04329030346998479,-0.04300083202251699,-36
-0.039983967327862045,-0.04078001269081142,-56
-0.03929538599622902,-0.04033265806210693,-58
-0.03965380950830877,-0.04054634436033666,-58
-0.04236468863673508,-0.041134436847642064,-58
-0.0396555167157203,-0.03857000065036118,-56
-0.034472664119675756,-0.03227750924415886,-56
-0.026167871383950114,-0.022452991781756283,-56
-0.017798030097037554,-0.013287106622010469,-46
-0.006595598906278611,-0.004328075423836708,-46
-0.00020649470388889313,0.0022781319916248322,-46
0.0038297854363918303,0.007713522389531135,-56
0.009168196842074395,0.010591429099440575,-60
0.011512723192572594,0.0091728325933218,
0.0060210350900888445,0.0035605303943157195,
-0.004706875467672944,-0.005744146415963769,-46
-0.013916329806670546,-0.009526018192991615,-56
-0.017793423635885118,-0.012462331214919686,-46
-0.015517149353399873,-0.010523773590102791,-46
-0.013020966434851289,-0.009426700184121728,-50
-0.01560954488813877,-0.015054725483059883,-56
-0.025619291234761477,-0.029768376518040894,-56
-0.03874485334381461,-0.04098825417459011,-54
-0.0492477934807539,-0.049127180501818656,-54
-0.059065540134906766,-0.056629158556461334,-50
-0.058381691575050354,-0.05111186215654016,-54
-0.04047324571292847,-0.03304646040778607,-56
-0.022469840641133488,-0.016375124710611998,-78
-0.011097670276649296,-0.010494605381973087,-58
-0.0030895354924723507,-0.004319787654094398,-48
0.0014808501349762083,-0.0034732106840237977,-48
-0.006015617772936821,-0.013973100110888481,-80
-0.02116807159036398,-0.032135550305247305,-54
-0.03366110264323652,-0.038123781746253374,-55
-0.03675423231907189,-0.038515181140974165,-52
-0.033955982187762856,-0.03528272495605052,-40
-0.029369880678132176,-0.030648377956822515,-42
-0.022338154958561063,-0.021180270658805966,-48
-0.01638169870711863,-0.016622924664989113,-50
-0.013228682056069373,-0.015158489346504211,-78
-0.013049209862947464,-0.012422022223472596,-38
-0.00902777947485447,-0.009727334231138229,-38
-0.006308846920728683,-0.007997428625822067,-46
-0.00533052310347557,-0.008635318279266358,-38
-0.00608963593840599,-0.010865908861160279,-38
-0.01040526144206524,-0.0159775797277689,-46
-0.018329305201768877,-0.02230953276157379,-36
-0.025364351645112037,-0.034313833341002464,-36
-0.04030224764719605,-0.04201495135203004,-32
-0.05068202177062631,-0.05063377702608705,-36
-0.05533722788095474,-0.057628873735666275,-54
-0.056246931478381154,-0.05849033184349537,-56
-0.05761752612888813,-0.05346843935549259,-36
-0.04898319011554122,-0.04939327454194427,-36
-0.040798938181251285,-0.04243927439674735,-36
-0.03620841428637504,-0.03765577003359795,-32
-0.039134690538048744,-0.03766321279108524,-46
-0.042199146444909276,-0.038315409864299,-34
-0.0428491482976824,-0.04173950874246657,-34
-0.048482577770482746,-0.051015448838006704,-46
-0.05846248926827684,-0.058896695694420485,-50
-0.060424104949925096,-0.059121484926436096,-50
-0.056622097070794554,-0.05582605170784518,-36
-0.053037923586089164,-0.050891012710053474,-36
-0.04696031583007425,-0.046140148467384276,-54
-0.04422087501734495,-0.045716476254165174,-48
-0.04697719495743513,-0.053056087158620355,-48
-0.05317731034010649,-0.059835145436227324,-36
-0.06007759142667055,-0.0640095742419362,-42
-0.06110022384673357,-0.06141381729394198,-53
-0.05920755937695503,-0.058146164566278455,
-0.05448523126542568,-0.051180436834692956,-42
-0.04781043827533722,-0.04380608797073364,-48
-0.04082400314509869,-0.039256034418940544,-46
-0.04231085255742073,-0.04120121225714683,-36
-0.03887373171746731,-0.03918732516467571,-80
-0.043818042147904634,-0.04461408900097012,-50
-0.04606876457110047,-0.04713015789166093,-52
-0.04936066018417477,-0.05030144052579999,-54
-0.05032568508759141,-0.05032568508759141,-56
-0.05449575474485755,-0.05495408466085792,-50
-0.05500257383100689,-0.05792140583507717,-36
-0.06379464152269065,-0.06582094016484916,-36
-0.07247209656052292,-0.07133833500556648,-77
-0.08233160409145057,-0.07704875725321472,-52
-0.08769942834042013,-0.0799078309442848,-54
-0.08918007165193557,-0.08117137178778648,-54
-0.08763846568763256,-0.08228325061500072,-46
-0.08912059888243676,-0.09015787094831466,-46
-0.0957363560795784,-0.09887229353189468,-58
-0.09958811625838279,-0.10105959475040435,-58
-0.09711022451519966,-0.09464972130954266,-54
-0.08463687263429165,-0.08087374828755856,-46
-0.06900963149964809,-0.061218034476041794,-44
-0.0515420775860548,-0.04461889415979385,-73
-0.043187247961759566,-0.03973771743476391,-40
-0.04252696074545383,-0.043081780523061754,-40
-0.05269969180226326,-0.05709000304341316,-44
-0.07095348834991455,-0.07575388364493847,-44
-0.08041907697916031,-0.08495412357151508,-46
-0.07841297863051296,-0.07872657282277942,-56
-0.06869913628324867,-0.06498425705358386,-54
-0.055026921536773445,-0.04641515696421265,-56
-0.03371541202068329,-0.029059752449393274,-59
-0.020747537119314076,-0.017418619943782687,
-0.015479592652991415,-0.010534461541101336,-60
-0.010001080622896553,-0.008312499290332198,-42
-0.0058395510073751215,-0.0051158735062927,-32
-0.001988321403041482,0.0026190931908786296,-38
0.0011442249175161122,0.006475317105650902,-34
0.004486922640353441,0.0016645796597003937,-36
-0.002404459845274687,-0.008073268365114928,-42
-0.013271268224343657,-0.022751446021720766,-56
-0.0295198745559901,-0.038324620295315984,-54
-0.040274621732532975,-0.048090340988710525,-34
-0.04932451914064586,-0.05325650083832443,-52
-0.05263941171579063,-0.05350782456807792,-52
-0.05461858501657844,-0.05242342939600349,-52
-0.05313925249502063,-0.05147479353472591,-52
-0.0543134038336575,-0.0528660480864346,-34
-0.04988592138979584,-0.05068196675274521,-36
-0.046914836508221924,-0.05005077396053821,-56
-0.04386323646176606,-0.04738513410557062,-42
-0.040652464632876216,-0.04378840059507638,-42
-0.03531866290140897,-0.03910590924788267,-44
-0.03665720541030169,-0.038008070923388,-40
-0.03968094792217016,-0.03876428883522749,-52
-0.04628473874181509,-0.042955821566283706,-52
-0.05200874637812376,-0.04877631943672896,-50
-0.055345422588288784,-0.05170291196554899,-52
-0.05373945771716535,-0.05217148899100721,-54
-0.04804990827105939,-0.04776043682359159,-54
-0.03936718157492578,-0.041007517790421846,-36
-0.030112004047259687,-0.03329618624411523,-36
-0.016980757704004645,-0.020792126795276998,-54
-0.013930907472968102,-0.016922109201550482,-54
-0.015297721698880195,-0.01693805865943432,-52
-0.0158470518887043,-0.01806633025407791,-34
-0.014914532750844955,-0.017037320137023925,-34
-0.02016487196087837,-0.0233249306678772,-79
-0.022573348134756088,-0.02414131537079811,-54
-0.025862681120634078,-0.027647752314805984,-54
-0.029660053551197052,-0.03175871819257736,-34
-0.036171234026551244,-0.03703964687883854,-80
-0.04360993094742298,-0.04317572452127934,-54
-0.05134615199640393,-0.05040537165477872,-54
-0.05518155638128519,-0.05298640076071024,-40
-0.05490172356367111,-0.051693419367074965,-40
-0.051475218310952184,-0.04874936603009701,-75
-0.05233088005334139,-0.053392274864017965,-50
-0.061731369141489266,-0.06428836369886995,-48
-0.07498610578477383,-0.07599925436079502,-48
-0.0827653868123889,-0.0812697870656848,-48
-0.08764240089803935,-0.08151526357978582,-50
-0.07592144832015038,-0.06574171520769596,-48
-0.05063837952911854,-0.04277441613376141,-40
-0.02846422977745533,-0.025400661304593085,-40
-0.02164875972084701,-0.023240850446745752,-66
-0.024203509418293835,-0.028593820286914706,-40
-0.0361870042514056,-0.03874399843625724,-38
-0.045605218212585896,-0.04589468891499564,-56
-0.04608864578185603,-0.04201192798791453,-48
-0.034730649215634915,-0.027325013873632998,-49
-0.016062117589171976,-0.010248573718126864,-40
0.0011267663561739028,0.004383316042367369,-46
0.010032306239008904,0.01251693330705166,-46
0.01169261708855629,0.011451391130685806,-46
0.004565049381926656,0.004951010691002011,-38
-0.007027708692476153,-0.006255786074325443,-54
-0.009795496566221118,-0.00887883841060102,-50
-0.01331559899263084,-0.011168688675388694,-50
-0.012089982954785227,-0.006902999553130939,-50
-0.0037745691661257297,-0.00013033466530032456,-79
0.008696588332531974,0.012367921945406124,-42
0.013046770420623943,0.016159367881482468,-42
0.02008699154830538,0.020883037097519264,-38
0.022822604462271558,0.020747435023076834,-38
0.021450527873821557,0.0195913651259616,-50
0.017797264945693315,0.01624871918465942,-32
0.012636275193654001,0.014335823338478803,-54
0.011062803585082293,0.015934317279607056,-30
0.01494028912857175,0.020438833627849817,-50
0.019711496029049157,0.0247512417845428,-50
0.025599802564829587,0.027901005279272795,-34
0.032434743363410234,0.02976950826123357,-54
0.03663072763010859,0.022182546462863682,-32
0.025819234456866978,0.012915054988116025,-30
0.0017393435351550578,-0.010223585087805987,-56
